mean,sd
0.0904059086362066,0.9128158796809788
