statistic,value
Min.,-2.30916887564081
1st Qu.,-0.493854237819727
Median,0.0617563090775401
Mean,0.0904059086362066
3rd Qu.,0.69181916596599
Max.,2.18733299301658
